,n_agents,tax
0,10,0.0
1,10,0.32132248206008907
2,10,0.3161683156880326
3,10,0.297214907373054
4,10,0.3019017160769379
5,10,0.3090551661705908
