,n_agents,tax
0,10,0.0
1,10,0.6005194552665184
2,10,0.6017374054920817
3,10,0.6018782919264807
4,10,0.6019299518080639
5,10,0.6019527642614906
