,n_agents,tax
0,10,0.24043029543853228
1,10,0.2132536696289999
2,10,0.2019330488700119
3,10,0.19812883374943585
4,10,0.19684575916824743
